EngagementTier,customer_count,pct_of_total,avg_balance,avg_salary,avg_products,churn_rate,avg_age
Low,1722,17.22,88731.96106852498,99972.73966898955,1.2311265969802556,30.952380952380953,38.58594657375145
Medium,5058,50.58,77465.49000988534,100705.09365164097,1.5245156188216686,21.925662317121393,38.64531435349941
High,3220,32.2,68398.13895962732,99187.2600652174,1.6990683229813666,12.267080745341614,39.535714285714285
