EngagementTier,IsActiveMember,total,churn_rate
Low,0,1722,30.952380952380953
Low,1,0,
Medium,0,3127,24.592260952990085
Medium,1,1931,17.607457276022785
High,0,0,
High,1,3220,12.267080745341614
