NumOfProducts,customer_count,pct_of_total,churn_rate,avg_balance,avg_salary,active_member_pct,has_credit_card_pct
1,5084,50.84,27.714398111723053,98551.87061369,99487.2568509048,50.413060582218726,70.37765538945712
2,4590,45.9,7.5816993464052285,51879.14581263617,100452.01282135077,53.28976034858388,70.71895424836602
3,266,2.66,82.70676691729322,75458.32819548872,104318.13056390977,42.4812030075188,71.42857142857143
4,60,0.6,100.0,93733.135,104763.72333333334,48.333333333333336,68.33333333333333
