BalanceSegment,count,churn_rate,avg_engagement,active_pct,avg_products
Zero Balance,3617,13.823610727121924,5.579209289466409,51.783245783798726,1.7846281448714405
1-50K,75,34.66666666666667,5.253333333333333,53.333333333333336,1.44
50K-100K,1509,19.880715705765407,5.137839628893307,52.683896620278325,1.385685884691849
100K-150K,3830,25.770234986945166,5.099738903394256,51.12271540469974,1.3817232375979112
150K+,969,23.11661506707946,5.095975232198143,50.0515995872033,1.3993808049535603
