SalaryQuartile,count,churn_rate,avg_balance,engagement,products
Q1 (Bottom),2500,20.0,75631.50877999999,5.28,1.516
Q2,2500,19.8,75923.893992,5.2864,1.5296
Q3,2500,20.119999999999997,77264.21654400001,5.2956,1.5352
Q4 (Top),2500,21.560000000000002,77123.937836,5.2568,1.54
