Geography,Gender,count,churn_rate,avg_balance,avg_salary,active_pct
France,Female,2261,20.344980097302077,60322.670159221576,99564.25275541795,51.39318885448917
France,Male,2753,12.713403559752997,63546.28487468216,100174.2524954595,51.907010533962946
Germany,Female,1193,37.55238893545683,119145.96647108131,102446.424124057,46.85666387259011
Germany,Male,1316,27.811550151975684,120259.6682218845,99905.03395896657,52.35562310030395
Spain,Female,1089,21.21212121212121,59862.092534435265,100734.10747474748,51.69880624426079
Spain,Male,1388,13.112391930835734,63352.83374639769,98425.68768011527,53.96253602305475
