RetentionTier,count,pct_of_total,churn_rate,avg_engagement,avg_balance,avg_products
At Risk,4231,42.31,27.605766958165916,3.5287166154573386,86369.42745686599,1.2682580950129994
Moderate,5693,56.93,14.140172141226067,6.53469172668189,69096.76384331635,1.700158088881082
Stable,76,0.76,84.21052631578947,8.75,79762.74671052632,3.3815789473684212
Loyal,0,0.0,,,,
