Geography,hvd_count,churn_pct,avg_balance,avg_age,male_pct,products
France,543,25.78268876611418,150039.45138121545,37.263351749539595,58.195211786372006,1.3001841620626151
Germany,474,36.91983122362869,145991.5803164557,39.151898734177216,51.26582278481012,1.481012658227848
Spain,230,28.26086956521739,151974.3281304348,37.96086956521739,53.47826086956522,1.3695652173913044
